epoch,accuracy,loss,lr,precision,recall,top3_accuracy,val_accuracy,val_loss,val_precision,val_recall,val_top3_accuracy
0,0.5364162921905518,1.6794925928115845,0.001,0.8535603880882263,0.31325986981391907,0.7413930296897888,0.8287895321846008,0.6145216822624207,0.9335232377052307,0.7146492004394531,0.9491094350814819
1,0.7418475151062012,0.9050029516220093,0.001,0.8690456748008728,0.6115214228630066,0.9043290615081787,0.8793166279792786,0.4231417179107666,0.939130425453186,0.8244274854660034,0.967284619808197
2,0.7818429470062256,0.7431901693344116,0.001,0.8730454444885254,0.6915123462677002,0.9271673560142517,0.8967648148536682,0.34665805101394653,0.9386773705482483,0.8513267636299133,0.9781897664070129
3,0.8026360869407654,0.643268346786499,0.001,0.8867327570915222,0.7320759296417236,0.9351209998130798,0.9062159061431885,0.30141541361808777,0.941938042640686,0.8727735280990601,0.9807342886924744
4,0.8197932243347168,0.5909044146537781,0.001,0.8871095776557922,0.7616180181503296,0.9467105865478516,0.9298436641693115,0.23441937565803528,0.955034613609314,0.9033079147338867,0.9858233332633972
