Model,AUC-ROC,AUC-PR,F1-Score,Precision,Recall
LightGBM Tuned,0.9698269286729514,0.8408880343037729,0.7514248136782113,0.9487084870848709,0.6220662956690056
XGBoost,0.9629439538503349,0.7998527490756353,0.7053879633798589,0.9288537549407114,0.5685942414710864
LightGBM Baseline,0.9516120491783747,0.7516487382856971,0.6557835820895522,0.9173553719008265,0.5102830873457537
CatBoost,0.9227242359988382,0.6552857213122951,0.585278276481149,0.899197592778335,0.43382530849262035
Neural Network,0.9051046867993674,0.5453846206138024,0.2606563120401728,0.15531638522917054,0.8100653278490201
